File;Format;Size;names;files
File: Exempt Reporting Advisers, August 2022;Format:ZIP;Size:495.47 KB;https://www.sec.gov/files/investment/data/information-about-registered-investment-advisers-and-exempt-reporting-advisers/ia080122-exempt.zip;ia080122-exempt.zip
File: Registered Investment Advisers, August 2022;Format:ZIP;Size:3.39 MB;https://www.sec.gov/files/investment/data/information-about-registered-investment-advisers-and-exempt-reporting-advisers/ia080122.zip;ia080122.zip
File: Exempt Reporting Advisers, July 2022;Format:ZIP;Size:490.98 KB;https://www.sec.gov/files/investment/data/information-about-registered-investment-advisers-and-exempt-reporting-advisers/ia070122-exempt.zip;ia070122-exempt.zip
File: Registered Investment Advisers, July 2022;Format:ZIP;Size:3.37 MB;https://www.sec.gov/files/investment/data/information-about-registered-investment-advisers-and-exempt-reporting-advisers/ia070122.zip;ia070122.zip
File: Exempt Reporting Advisers, June 2022;Format:ZIP;Size:494.33 KB;https://www.sec.gov/files/investment/data/information-about-registered-investment-advisers-and-exempt-reporting-advisers/ia060122-exempt.zip;ia060122-exempt.zip
File: Registered Investment Advisers, June 2022;Format:ZIP;Size:3.36 MB;https://www.sec.gov/files/investment/data/information-about-registered-investment-advisers-and-exempt-reporting-advisers/ia060122.zip;ia060122.zip
File: Exempt Reporting Advisers, May 2022;Format:ZIP;Size:485.53 KB;https://www.sec.gov/files/investment/data/information-about-registered-investment-advisers-and-exempt-reporting-advisers/ia050222-exempt.zip;ia050222-exempt.zip
File: Registered Investment Advisers, May 2022;Format:ZIP;Size:3.33 MB;https://www.sec.gov/files/investment/data/information-about-registered-investment-advisers-and-exempt-reporting-advisers/ia050222.zip;ia050222.zip
File: Exempt Reporting Advisers, April 2022;Format:ZIP;Size:480.46 KB;https://www.sec.gov/files/investment/data/information-about-registered-investment-advisers-and-exempt-reporting-advisers/ia040122-exempt.zip;ia040122-exempt.zip
File: Registered Investment Advisers, April 2022;Format:ZIP;Size:3.31 MB;https://www.sec.gov/files/investment/data/information-about-registered-investment-advisers-and-exempt-reporting-advisers/ia040122.zip;ia040122.zip
File: Exempt Reporting Advisers, March 2022;Format:ZIP;Size:473.32 KB;https://www.sec.gov/files/investment/data/information-about-registered-investment-advisers-and-exempt-reporting-advisers/ia030122-exempt.zip;ia030122-exempt.zip
File: Registered Investment Advisers, March 2022;Format:ZIP;Size:3.28 MB;https://www.sec.gov/files/investment/data/information-about-registered-investment-advisers-and-exempt-reporting-advisers/ia030122.zip;ia030122.zip
File: Exempt Reporting Advisers, February 2022;Format:ZIP;Size:469.59 KB;https://www.sec.gov/files/investment/data/information-about-registered-investment-advisers-and-exempt-reporting-advisers/ia020722-exempt.zip;ia020722-exempt.zip
File: Registered Investment Advisers, February 2022;Format:ZIP;Size:3.26 MB;https://www.sec.gov/files/investment/data/information-about-registered-investment-advisers-and-exempt-reporting-advisers/ia020722.zip;ia020722.zip
File: Exempt Reporting Advisers, January 2022;Format:ZIP;Size:464.37 KB;https://www.sec.gov/files/investment/data/information-about-registered-investment-advisers-and-exempt-reporting-advisers/ia010322-exempt.zip;ia010322-exempt.zip
File: Registered Investment Advisers, January 2022;Format:ZIP;Size:3.25 MB;https://www.sec.gov/files/investment/data/information-about-registered-investment-advisers-and-exempt-reporting-advisers/ia010322.zip;ia010322.zip
File: Exempt Reporting Advisers, December 2021;Format:ZIP;Size:459.92 KB;https://www.sec.gov/files/investment/data/information-about-registered-investment-advisers-and-exempt-reporting-advisers/ia120121-exempt.zip;ia120121-exempt.zip
File: Registered Investment Advisers, December 2021;Format:ZIP;Size:3.31 MB;https://www.sec.gov/files/investment/data/information-about-registered-investment-advisers-and-exempt-reporting-advisers/ia120121.zip;ia120121.zip
File: Exempt Reporting Advisers, November 2021;Format:ZIP;Size:456.26 KB;https://www.sec.gov/files/investment/data/information-about-registered-investment-advisers-and-exempt-reporting-advisers/ia110121-exempt.zip;ia110121-exempt.zip
File: Registered Investment Advisers, November 2021;Format:ZIP;Size:3.25 MB;https://www.sec.gov/files/investment/data/information-about-registered-investment-advisers-and-exempt-reporting-advisers/ia110121.zip;ia110121.zip
File: Exempt Reporting Advisers, October 2021;Format:ZIP;Size:457.19 KB;https://www.sec.gov/files/investment/data/information-about-registered-investment-advisers-and-exempt-reporting-advisers/ia100421-exempt.zip;ia100421-exempt.zip
File: Registered Investment Advisers, October 2021;Format:ZIP;Size:3.25 MB;https://www.sec.gov/files/investment/data/information-about-registered-investment-advisers-and-exempt-reporting-advisers/ia100421.zip;ia100421.zip
File: Exempt Reporting Advisers, September 2021;Format:ZIP;Size:451.18 KB;https://www.sec.gov/files/investment/data/information-about-registered-investment-advisers-and-exempt-reporting-advisers/ia090121-exempt.zip;ia090121-exempt.zip
File: Registered Investment Advisers, September 2021;Format:ZIP;Size:3.23 MB;https://www.sec.gov/files/investment/data/information-about-registered-investment-advisers-and-exempt-reporting-advisers/ia090121.zip;ia090121.zip
File: Exempt Reporting Advisers, August 2021;Format:ZIP;Size:444.7 KB;https://www.sec.gov/files/investment/data/information-about-registered-investment-advisers-and-exempt-reporting-advisers/ia080221-exempt.zip;ia080221-exempt.zip
File: Registered Investment Advisers, August 2021;Format:ZIP;Size:3.21 MB;https://www.sec.gov/files/investment/data/information-about-registered-investment-advisers-and-exempt-reporting-advisers/ia080221.zip;ia080221.zip
File: Exempt Reporting Advisers, July 2021;Format:ZIP;Size:439.44 KB;https://www.sec.gov/files/investment/data/information-about-registered-investment-advisers-and-exempt-reporting-advisers/ia070121-exempt.zip;ia070121-exempt.zip
File: Registered Investment Advisers, July 2021;Format:ZIP;Size:3.18 MB;https://www.sec.gov/files/investment/data/information-about-registered-investment-advisers-and-exempt-reporting-advisers/ia070121.zip;ia070121.zip
File: Exempt Reporting Advisers, June 2021;Format:ZIP;Size:440.83 KB;https://www.sec.gov/files/investment/data/information-about-registered-investment-advisers-and-exempt-reporting-advisers/ia060121-exempt.zip;ia060121-exempt.zip
File: Registered Investment Advisers, June 2021;Format:ZIP;Size:3.15 MB;https://www.sec.gov/files/investment/data/information-about-registered-investment-advisers-and-exempt-reporting-advisers/ia060121.zip;ia060121.zip
File: Exempt Reporting Advisers, May 2021;Format:ZIP;Size:436.07 KB;https://www.sec.gov/files/investment/data/information-about-registered-investment-advisers-and-exempt-reporting-advisers/ia050321-exempt.zip;ia050321-exempt.zip
File: Registered Investment Advisers, May 2021;Format:ZIP;Size:3.17 MB;https://www.sec.gov/files/investment/data/information-about-registered-investment-advisers-and-exempt-reporting-advisers/ia050321.zip;ia050321.zip
File: Exempt Reporting Advisers, April 2021;Format:ZIP;Size:429.8 KB;https://www.sec.gov/files/investment/data/information-about-registered-investment-advisers-and-exempt-reporting-advisers/ia040521-exempt.zip;ia040521-exempt.zip
File: Registered Investment Advisers, April 2021;Format:ZIP;Size:3.13 MB;https://www.sec.gov/files/investment/data/information-about-registered-investment-advisers-and-exempt-reporting-advisers/ia040521.zip;ia040521.zip
File: Exempt Reporting Advisers, March 2021;Format:ZIP;Size:1.67 MB;https://www.sec.gov/files/investment/data/information-about-registered-investment-advisers-and-exempt-reporting-advisers/ia030121-exempt.zip;ia030121-exempt.zip
File: Registered Investment Advisers, March 2021;Format:ZIP;Size:11.79 MB;https://www.sec.gov/files/investment/data/information-about-registered-investment-advisers-and-exempt-reporting-advisers/ia030121.zip;ia030121.zip
File: Exempt Reporting Advisers, February 2021;Format:ZIP;Size:1.66 MB;https://www.sec.gov/files/investment/data/information-about-registered-investment-advisers-and-exempt-reporting-advisers/ia020121-exempt.zip;ia020121-exempt.zip
File: Registered Investment Advisers, February 2021;Format:ZIP;Size:11.76 MB;https://www.sec.gov/files/investment/data/information-about-registered-investment-advisers-and-exempt-reporting-advisers/ia020121.zip;ia020121.zip
File: Exempt Reporting Advisers, January 2021;Format:ZIP;Size:1.66 MB;https://www.sec.gov/files/investment/data/information-about-registered-investment-advisers-and-exempt-reporting-advisers/ia010521-exempt.zip;ia010521-exempt.zip
File: Registered Investment Advisers, January 2021;Format:ZIP;Size:11.73 MB;https://www.sec.gov/files/investment/data/information-about-registered-investment-advisers-and-exempt-reporting-advisers/ia010521.zip;ia010521.zip
File: Exempt Reporting Advisers, December 2020;Format:ZIP;Size:1.64 MB;https://www.sec.gov/files/investment/data/information-about-registered-investment-advisers-and-exempt-reporting-advisers/ia120220-exempt.zip;ia120220-exempt.zip
File: Registered Investment Advisers, December 2020;Format:ZIP;Size:11.75 MB;https://www.sec.gov/files/investment/data/information-about-registered-investment-advisers-and-exempt-reporting-advisers/ia120220.zip;ia120220.zip
File: Exempt Reporting Advisers, November 2020;Format:ZIP;Size:1.63 MB;https://www.sec.gov/files/investment/data/information-about-registered-investment-advisers-and-exempt-reporting-advisers/ia110220-exempt.zip;ia110220-exempt.zip
File: Registered Investment Advisers, November 2020;Format:ZIP;Size:11.72 MB;https://www.sec.gov/files/investment/data/information-about-registered-investment-advisers-and-exempt-reporting-advisers/ia110220.zip;ia110220.zip
File: Exempt Reporting Advisers, October 2020;Format:ZIP;Size:1.64 MB;https://www.sec.gov/files/investment/data/information-about-registered-investment-advisers-and-exempt-reporting-advisers/ia100120-exempt.zip;ia100120-exempt.zip
File: Registered Investment Advisers, October 2020;Format:ZIP;Size:11.68 MB;https://www.sec.gov/files/investment/data/information-about-registered-investment-advisers-and-exempt-reporting-advisers/ia100120.zip;ia100120.zip
File: Exempt Reporting Advisers, September 2020;Format:ZIP;Size:1.62 MB;https://www.sec.gov/files/investment/data/information-about-registered-investment-advisers-and-exempt-reporting-advisers/ia090220-exempt.zip;ia090220-exempt.zip
File: Registered Investment Advisers, September 2020;Format:ZIP;Size:11.64 MB;https://www.sec.gov/files/investment/data/information-about-registered-investment-advisers-and-exempt-reporting-advisers/ia090220.zip;ia090220.zip
File: Exempt Reporting Advisers, August 2020;Format:ZIP;Size:1.6 MB;https://www.sec.gov/files/investment/data/information-about-registered-investment-advisers-and-exempt-reporting-advisers/ia080320-exempt.zip;ia080320-exempt.zip
File: Registered Investment Advisers, August 2020;Format:ZIP;Size:11.62 MB;https://www.sec.gov/files/investment/data/information-about-registered-investment-advisers-and-exempt-reporting-advisers/ia080320.zip;ia080320.zip
File: Exempt Reporting Advisers, July 2020;Format:ZIP;Size:1.59 MB;https://www.sec.gov/files/investment/data/information-about-registered-investment-advisers-and-exempt-reporting-advisers/ia070120-exempt.zip;ia070120-exempt.zip
File: Registered Investment Advisers, July 2020;Format:ZIP;Size:11.56 MB;https://www.sec.gov/files/investment/data/information-about-registered-investment-advisers-and-exempt-reporting-advisers/ia070120.zip;ia070120.zip
File: Exempt Reporting Advisers, June 2020;Format:ZIP;Size:1.59 MB;https://www.sec.gov/files/investment/data/information-about-registered-investment-advisers-and-exempt-reporting-advisers/ia060120-exempt.zip;ia060120-exempt.zip
File: Registered Investment Advisers, June 2020;Format:ZIP;Size:11.57 MB;https://www.sec.gov/files/investment/data/information-about-registered-investment-advisers-and-exempt-reporting-advisers/ia060120.zip;ia060120.zip
File: Exempt Reporting Advisers, May 2020;Format:ZIP;Size:1.58 MB;https://www.sec.gov/files/node/add/data_distribution/ia050120-exempt.zip;ia050120-exempt.zip
File: Registered Investment Advisers, May 2020;Format:ZIP;Size:11.52 MB;https://www.sec.gov/files/node/add/data_distribution/ia050120.zip;ia050120.zip
File: Exempt Reporting Advisers, April 2020;Format:ZIP;Size:1.56 MB;https://www.sec.gov/files/node/add/data_distribution/ia040120-exempt.zip;ia040120-exempt.zip
File: Registered Investment Advisers, April 2020;Format:ZIP;Size:11.44 MB;https://www.sec.gov/files/node/add/data_distribution/ia040120.zip;ia040120.zip
File: Exempt Reporting Advisers, March 2020;Format:ZIP;Size:1.55 MB;https://www.sec.gov/files/node/add/data_distribution/ia030220-exempt.zip;ia030220-exempt.zip
File: Registered Investment Advisers, March 2020;Format:ZIP;Size:11.41 MB;https://www.sec.gov/files/node/241526/edit/ia030220.zip;ia030220.zip
File: Registered Investment Advisers, February 2020;Format:ZIP;Size:11.39 MB;https://www.sec.gov/files/investment/data/information-about-registered-investment-advisers-and-exempt-reporting-advisers/ia020320_2.zip;ia020320_2.zip
File: Exempt Reporting Advisers, February 2020;Format:ZIP;Size:1.54 MB;https://www.sec.gov/files/investment/data/information-about-registered-investment-advisers-and-exempt-reporting-advisers/ia020320-exempt.zip;ia020320-exempt.zip
File: Exempt Reporting Advisers, January 2020;Format:ZIP;Size:1.52 MB;https://www.sec.gov/files/investment/data/information-about-registered-investment-advisers-and-exempt-reporting-advisers/ia010220-exempt.zip;ia010220-exempt.zip
File: Registered Investment Advisers, January 2020;Format:ZIP;Size:11.35 MB;https://www.sec.gov/files/investment/data/information-about-registered-investment-advisers-and-exempt-reporting-advisers/ia010220.zip;ia010220.zip
File: Exempt Reporting Advisers, December 2019;Format:ZIP;Size:1.52 MB;https://www.sec.gov/files/investment/data/information-about-registered-investment-advisers-and-exempt-reporting-advisers/ia120219-exempt.zip;ia120219-exempt.zip
File: Registered Investment Advisers, December 2019;Format:ZIP;Size:11.39 MB;https://www.sec.gov/files/investment/data/information-about-registered-investment-advisers-and-exempt-reporting-advisers/ia120219.zip;ia120219.zip
File: Exempt Reporting Advisers, November 2019;Format:ZIP;Size:1.51 MB;https://www.sec.gov/files/investment/data/information-about-registered-investment-advisers-and-exempt-reporting-advisers/ia110119-exempt.zip;ia110119-exempt.zip
File: Registered Investment Advisers, November 2019;Format:ZIP;Size:11.37 MB;https://www.sec.gov/files/investment/data/information-about-registered-investment-advisers-and-exempt-reporting-advisers/ia110119.zip;ia110119.zip
File: Exempt Reporting Advisers, October 2019;Format:ZIP;Size:1.51 MB;https://www.sec.gov/files/investment/data/information-about-registered-investment-advisers-and-exempt-reporting-advisers/ia100119-exempt.zip;ia100119-exempt.zip
File: Registered Investment Advisers, October 2019;Format:ZIP;Size:11.35 MB;https://www.sec.gov/files/investment/data/information-about-registered-investment-advisers-and-exempt-reporting-advisers/ia100119.zip;ia100119.zip
File: Exempt Reporting Advisers, September 2019;Format:XLSX;Size:1.66 MB;https://www.sec.gov/files/investment/data/information-about-registered-investment-advisers-and-exempt-reporting-advisers/ia090319-exempt.xlsx;ia090319-exempt.xlsx
File: Registered Investment Advisers, September 2019;Format:XLSX;Size:11.76 MB;https://www.sec.gov/files/investment/data/information-about-registered-investment-advisers-and-exempt-reporting-advisers/ia090319.xlsx;ia090319.xlsx
File: Exempt Reporting Advisers, August 2019;Format:ZIP;Size:1.48 MB;https://www.sec.gov/files/investment/data/information-about-registered-investment-advisers-and-exempt-reporting-advisers/ia080119-exempt.zip;ia080119-exempt.zip
File: Registered Investment Advisers, August 2019;Format:ZIP;Size:11.29 MB;https://www.sec.gov/files/investment/data/information-about-registered-investment-advisers-and-exempt-reporting-advisers/ia080119.zip;ia080119.zip
File: Exempt Reporting Advisers, July 2019;Format:ZIP;Size:1.47 MB;https://www.sec.gov/files/investment/data/information-about-registered-investment-advisers-and-exempt-reporting-advisers/ia070119-exempt.zip;ia070119-exempt.zip
File: Registered Investment Advisers, July 2019;Format:ZIP;Size:11.23 MB;https://www.sec.gov/files/investment/data/information-about-registered-investment-advisers-and-exempt-reporting-advisers/ia070119.zip;ia070119.zip
File: Exempt Reporting Advisers, June 2019;Format:ZIP;Size:1.48 MB;https://www.sec.gov/files/investment/data/information-about-registered-investment-advisers-and-exempt-reporting-advisers/ia060319-exempt.zip;ia060319-exempt.zip
File: Registered Investment Advisers, June 2019;Format:ZIP;Size:11.21 MB;https://www.sec.gov/files/investment/data/information-about-registered-investment-advisers-and-exempt-reporting-advisers/ia060319-1.zip;ia060319-1.zip
File: Exempt Reporting Advisers, May 2019;Format:ZIP;Size:1.47 MB;https://www.sec.gov/files/investment/data/information-about-registered-investment-advisers-and-exempt-reporting-advisers/ia050119-exempt.zip;ia050119-exempt.zip
File: Registered Investment Advisers, May 2019;Format:ZIP;Size:11.15 MB;https://www.sec.gov/files/investment/data/information-about-registered-investment-advisers-and-exempt-reporting-advisers/ia050119.zip;ia050119.zip
File: Exempt Reporting Advisers, April 2019;Format:ZIP;Size:1.58 MB;https://www.sec.gov/files/investment/data/information-about-registered-investment-advisers-and-exempt-reporting-advisers/ia040119-exempt.zip;ia040119-exempt.zip
File: Registered Investment Advisers, April 2019;Format:ZIP;Size:12.22 MB;https://www.sec.gov/files/investment/data/information-about-registered-investment-advisers-and-exempt-reporting-advisers/ia040119.zip;ia040119.zip
File: Exempt Reporting Advisers, March 2019;Format:ZIP;Size:1.56 MB;https://www.sec.gov/files/investment/data/information-about-registered-investment-advisers-and-exempt-reporting-advisers/ia030119-exempt.zip;ia030119-exempt.zip
File: Registered Investment Advisers, March 2019;Format:ZIP;Size:12.19 MB;https://www.sec.gov/files/investment/data/information-about-registered-investment-advisers-and-exempt-reporting-advisers/ia030119.zip;ia030119.zip
File: Exempt Reporting Advisers, February 2019;Format:ZIP;Size:1.54 MB;https://www.sec.gov/files/investment/data/information-about-registered-investment-advisers-and-exempt-reporting-advisers/ia020119-2-exempt.zip;ia020119-2-exempt.zip
File: Registered Investment Advisers, February 2019;Format:ZIP;Size:12.14 MB;https://www.sec.gov/files/investment/data/information-about-registered-investment-advisers-and-exempt-reporting-advisers/ia020119-2.zip;ia020119-2.zip
File: Exempt Reporting Advisers, January 2019 - unavailable due to federal government shutdown;Format:ZIP;Size:261 BYTES;https://www.sec.gov/files/investment/data/information-about-registered-investment-advisers-and-exempt-reporting-advisers/ia010119-exempt.zip;ia010119-exempt.zip
File: Registered Investment Advisers, January 2019 - unavailable due to federal government shutdown;Format:ZIP;Size:247 BYTES;https://www.sec.gov/files/investment/data/information-about-registered-investment-advisers-and-exempt-reporting-advisers/ia010119.zip;ia010119.zip
File: Exempt Reporting Advisers, December 2018;Format:ZIP;Size:1.52 MB;https://www.sec.gov/files/investment/data/information-about-registered-investment-advisers-and-exempt-reporting-advisers/ia120318-exempt.zip;ia120318-exempt.zip
File: Registered Investment Advisers, December 2018;Format:ZIP;Size:12.21 MB;https://www.sec.gov/files/investment/data/information-about-registered-investment-advisers-and-exempt-reporting-advisers/ia120318.zip;ia120318.zip
File: Exempt Reporting Advisers, November 2018;Format:ZIP;Size:1.5 MB;https://www.sec.gov/files/investment/data/information-about-registered-investment-advisers-and-exempt-reporting-advisers/ia110118-exempt.zip;ia110118-exempt.zip
File: Registered Investment Advisers, November 2018;Format:ZIP;Size:12.19 MB;https://www.sec.gov/files/investment/data/information-about-registered-investment-advisers-and-exempt-reporting-advisers/ia110118.zip;ia110118.zip
File: Exempt Reporting Advisers, October 2018;Format:ZIP;Size:1.5 MB;https://www.sec.gov/files/investment/data/information-about-registered-investment-advisers-and-exempt-reporting-advisers/ia100118-exempt_.zip;ia100118-exempt_.zip
File: Registered Investment Advisers, October 2018;Format:ZIP;Size:12.17 MB;https://www.sec.gov/files/investment/data/information-about-registered-investment-advisers-and-exempt-reporting-advisers/ia100118_.zip;ia100118_.zip
File: Exempt Reporting Advisers, September 2018;Format:ZIP;Size:1.49 MB;https://www.sec.gov/files/investment/data/information-about-registered-investment-advisers-and-exempt-reporting-advisers/ia090418-exempt_1.zip;ia090418-exempt_1.zip
File: Registered Investment Advisers, September 2018;Format:ZIP;Size:12.12 MB;https://www.sec.gov/files/investment/data/information-about-registered-investment-advisers-and-exempt-reporting-advisers/ia090418.zip;ia090418.zip
File: Exempt Reporting Advisers, August 2018;Format:ZIP;Size:1.47 MB;https://www.sec.gov/files/data/information-about-registered-investment-advisers-and-exempt-reporting-advisers/ia080118-exempt.zip;ia080118-exempt.zip
File: Registered Investment Advisers, August 2018;Format:ZIP;Size:12.07 MB;https://www.sec.gov/files/data/information-about-registered-investment-advisers-and-exempt-reporting-advisers/ia080118.zip;ia080118.zip
File: Exempt Reporting Advisers, July 2018;Format:ZIP;Size:2.77 MB;https://www.sec.gov/files/data/information-about-registered-investment-advisers-and-exempt-reporting-advisers/ia070218-exempt.zip;ia070218-exempt.zip
File: Registered Investment Advisers, July 2018;Format:ZIP;Size:17.65 MB;https://www.sec.gov/files/data/information-about-registered-investment-advisers-and-exempt-reporting-advisers/ia070218.zip;ia070218.zip
File: Exempt Reporting Advisers, June 2018;Format:ZIP;Size:1.46 MB;https://www.sec.gov/files/data/information-about-registered-investment-advisers-and-exempt-reporting-advisers/ia060118-exempt.zip;ia060118-exempt.zip
File: Registered Investment Advisers, June 2018;Format:ZIP;Size:11.95 MB;https://www.sec.gov/files/data/information-about-registered-investment-advisers-and-exempt-reporting-advisers/ia060118.zip;ia060118.zip
File: Exempt Reporting Advisers, May 2018;Format:ZIP;Size:1.45 MB;https://www.sec.gov/files/data/information-about-registered-investment-advisers-and-exempt-reporting-advisers/ia050118-exempt.zip;ia050118-exempt.zip
File: Registered Investment Advisers, May 2018;Format:ZIP;Size:11.82 MB;https://www.sec.gov/files/data/information-about-registered-investment-advisers-and-exempt-reporting-advisers/ia050118.zip;ia050118.zip
File: Exempt Reporting Advisers, April 2018;Format:ZIP;Size:1.44 MB;https://www.sec.gov/files/data/information-about-registered-investment-advisers-and-exempt-reporting-advisers/ia040218-exempt.zip;ia040218-exempt.zip
File: Registered Investment Advisers, April 2018;Format:ZIP;Size:11.62 MB;https://www.sec.gov/files/data/information-about-registered-investment-advisers-and-exempt-reporting-advisers/ia040218.zip;ia040218.zip
File: Exempt Reporting Advisers, March 2018;Format:ZIP;Size:1.39 MB;https://www.sec.gov/files/data/information-about-registered-investment-advisers-and-exempt-reporting-advisers/ia030118-exempt.zip;ia030118-exempt.zip
File: Registered Investment Advisers, March 2018;Format:ZIP;Size:11.43 MB;https://www.sec.gov/files/data/information-about-registered-investment-advisers-and-exempt-reporting-advisers/ia030118.zip;ia030118.zip
File: Exempt Reporting Advisers, February 2018;Format:ZIP;Size:1.38 MB;https://www.sec.gov/files/data/information-about-registered-investment-advisers-and-exempt-reporting-advisers/020118-exempt.zip;020118-exempt.zip
File: Registered Investment Advisers, February 2018;Format:ZIP;Size:11.56 MB;https://www.sec.gov/files/data/information-about-registered-investment-advisers-and-exempt-reporting-advisers/ia020118.zip;ia020118.zip
File: Exempt Reporting Advisers, January 2018;Format:ZIP;Size:1.38 MB;https://www.sec.gov/files/data/information-about-registered-investment-advisers-and-exempt-reporting-advisers/010118-exempt.zip;010118-exempt.zip
File: Registered Investment Advisers, January 2018;Format:ZIP;Size:11.37 MB;https://www.sec.gov/files/data/information-about-registered-investment-advisers-and-exempt-reporting-advisers/ia010118.zip;ia010118.zip
File: Exempt Reporting Advisers, December 2017;Format:ZIP;Size:1.38 MB;https://www.sec.gov/files/data/information-about-registered-investment-advisers-and-exempt-reporting-advisers/ia120117-exempt.zip;ia120117-exempt.zip
File: Registered Investment Advisers, December 2017;Format:ZIP;Size:11.41 MB;https://www.sec.gov/files/data/information-about-registered-investment-advisers-and-exempt-reporting-advisers/ia120117.zip;ia120117.zip
File: Registered Investment Advisers, November 2017;Format:ZIP;Size:11.4 MB;https://www.sec.gov/files/data/information-about-registered-investment-advisers-and-exempt-reporting-advisers/ia110117.zip;ia110117.zip
File: Exempt Reporting Advisers, November 2017;Format:ZIP;Size:1.36 MB;https://www.sec.gov/files/data/information-about-registered-investment-advisers-and-exempt-reporting-advisers/ia110117-exempt.zip;ia110117-exempt.zip
File: Exempt Reporting Advisers, October 2017;Format:ZIP;Size:1.36 MB;https://www.sec.gov/files/data/information-about-registered-investment-advisers-and-exempt-reporting-advisers/ia100217-exempt.zip;ia100217-exempt.zip
File: Registered Investment Advisers, October 2017;Format:ZIP;Size:11.32 MB;https://www.sec.gov/files/data/information-about-registered-investment-advisers-and-exempt-reporting-advisers/ia100217.zip;ia100217.zip
File: Registered Investment Advisers, September 2017;Format:ZIP;Size:11.2 MB;https://www.sec.gov/files/data/information-about-registered-investment-advisers-and-exempt-reporting-advisers/ia090117_2.zip;ia090117_2.zip
File: Exempt Reporting Advisers, September 2017;Format:ZIP;Size:1.34 MB;https://www.sec.gov/files/data/information-about-registered-investment-advisers-and-exempt-reporting-advisers/ia090117-exempt_0.zip;ia090117-exempt_0.zip
File: Exempt Reporting Advisers, August 2017;Format:ZIP;Size:1.31 MB;https://www.sec.gov/files/data/information-about-registered-investment-advisers-and-exempt-reporting-advisers/ia080117-exempt.zip;ia080117-exempt.zip
File: Registered Investment Advisers, August 2017;Format:ZIP;Size:11.16 MB;https://www.sec.gov/files/data/information-about-registered-investment-advisers-and-exempt-reporting-advisers/ia080117.zip;ia080117.zip
File: Registered Investment Advisers, July 2017;Format:ZIP;Size:11.1 MB;https://www.sec.gov/files/data/frequently-requested-foia-document-information-about-registered-investment-advisers-and-exempt/ia063017.zip;ia063017.zip
File: Exempt Reporting Advisers, July 2017;Format:ZIP;Size:1.31 MB;https://www.sec.gov/files/data/frequently-requested-foia-document-information-about-registered-investment-advisers-and-exempt/ia063017-exempt.zip;ia063017-exempt.zip
File: Exempt Reporting Advisers, June 2017;Format:ZIP;Size:1.3 MB;https://www.sec.gov/files/data/frequently-requested-foia-document-information-about-registered-investment-advisers-and-exempt/ia060117-exempt.zip;ia060117-exempt.zip
File: Registered Investment Advisers, June 2017;Format:ZIP;Size:11.06 MB;https://www.sec.gov/files/data/frequently-requested-foia-document-information-about-registered-investment-advisers-and-exempt/ia060117.zip;ia060117.zip
File: Registered Investment Advisers May 2017;Format:ZIP;Size:11.02 MB;https://www.sec.gov/files/data/frequently-requested-foia-document-information-about-registered-investment-advisers-and-exempt/ia050117.zip;ia050117.zip
File: Exempt Reporting Advisers May 2017;Format:ZIP;Size:1.29 MB;https://www.sec.gov/files/data/frequently-requested-foia-document-information-about-registered-investment-advisers-and-exempt/ia050117-exempt.zip;ia050117-exempt.zip
File: Exempt Reporting Advisers, April 2017;Format:ZIP;Size:1.27 MB;https://www.sec.gov/files/data/frequently-requested-foia-document-information-about-registered-investment-advisers-and-exempt/ia040117-exempt_0.zip;ia040117-exempt_0.zip
File: Registered Investment Advisers, April 2017;Format:ZIP;Size:10.94 MB;https://www.sec.gov/files/data/frequently-requested-foia-document-information-about-registered-investment-advisers-and-exempt/ia040117.zip;ia040117.zip
File: Exempt Reporting Advisers, March 2017;Format:ZIP;Size:1.26 MB;https://www.sec.gov/files/data/frequently-requested-foia-document-information-about-registered-investment-advisers-and-exempt/ia030117-exempt.zip;ia030117-exempt.zip
File: Registered Investment Advisers, March 2017;Format:ZIP;Size:10.92 MB;https://www.sec.gov/files/data/frequently-requested-foia-document-information-about-registered-investment-advisers-and-exempt/ia030117.zip;ia030117.zip
File: Exempt Reporting Advisers, February 2017;Format:ZIP;Size:1.25 MB;https://www.sec.gov/files/data/frequently-requested-foia-document-information-about-registered-investment-advisers-and-exempt/ia020117-exempt.zip;ia020117-exempt.zip
File: Registered Investment Advisers, February 2017;Format:ZIP;Size:10.89 MB;https://www.sec.gov/files/data/frequently-requested-foia-document-information-about-registered-investment-advisers-and-exempt/ia020117.zip;ia020117.zip
File: Registered Investment Advisers, January 2017;Format:ZIP;Size:10.82 MB;https://www.sec.gov/files/data/frequently-requested-foia-document-information-about-registered-investment-advisers-and-exempt/ia010317.zip;ia010317.zip
File: Exempt Reporting Advisers, January 2017;Format:ZIP;Size:1.24 MB;https://www.sec.gov/files/data/frequently-requested-foia-document-information-about-registered-investment-advisers-and-exempt/ia010317-exempt.zip;ia010317-exempt.zip
File: Registered Investment Advisers, December 2016;Format:ZIP;Size:10.9 MB;https://www.sec.gov/files/data/frequently-requested-foia-document-information-about-registered-investment-advisers-and-exempt/ia120116.zip;ia120116.zip
File: Exempt Reporting Advisers, December 2016;Format:ZIP;Size:1.24 MB;https://www.sec.gov/files/data/frequently-requested-foia-document-information-about-registered-investment-advisers-and-exempt/ia120116-exempt.zip;ia120116-exempt.zip
File: Exempt Reporting Advisers, November 2016;Format:ZIP;Size:1.22 MB;https://www.sec.gov/files/data/frequently-requested-foia-document-information-about-registered-investment-advisers-and-exempt/ia110116-exempt.zip;ia110116-exempt.zip
File: Registered Investment Advisers, November 2016;Format:ZIP;Size:10.89 MB;https://www.sec.gov/files/data/frequently-requested-foia-document-information-about-registered-investment-advisers-and-exempt/ia110116.zip;ia110116.zip
File: Exempt Reporting Advisers, October 2016;Format:ZIP;Size:1.23 MB;https://www.sec.gov/files/data/frequently-requested-foia-document-information-about-registered-investment-advisers-and-exempt/ia100316-exempt.zip;ia100316-exempt.zip
File: Registered Investment Advisers, October 2016;Format:ZIP;Size:10.98 MB;https://www.sec.gov/files/data/frequently-requested-foia-document-information-about-registered-investment-advisers-and-exempt/ia100316.zip;ia100316.zip
File: Registered Investment Advisers, September 2016;Format:ZIP;Size:10.82 MB;https://www.sec.gov/files/data/frequently-requested-foia-document-information-about-registered-investment-advisers-and-exempt/ia090116.zip;ia090116.zip
File: Exempt Reporting Advisers, September 2016;Format:ZIP;Size:1.21 MB;https://www.sec.gov/files/data/frequently-requested-foia-document-information-about-registered-investment-advisers-and-exempt/ia090116-exempt.zip;ia090116-exempt.zip
File: Registered Investment Advisers, August 2016;Format:ZIP;Size:10.92 MB;https://www.sec.gov/files/data/frequently-requested-foia-document-information-about-registered-investment-advisers-and-exempt/ia080116.zip;ia080116.zip
File: Exempt Reporting Advisers, August 2016;Format:ZIP;Size:1.22 MB;https://www.sec.gov/files/data/frequently-requested-foia-document-information-about-registered-investment-advisers-and-exempt/ia080116-exempt.zip;ia080116-exempt.zip
File: Exempt Reporting Advisers, July 2016;Format:ZIP;Size:1.21 MB;https://www.sec.gov/files/data/frequently-requested-foia-document-information-about-registered-investment-advisers-and-exempt/ia070116-exempt.zip;ia070116-exempt.zip
File: Registered Investment Advisers, July 2016;Format:ZIP;Size:10.89 MB;https://www.sec.gov/files/data/frequently-requested-foia-document-information-about-registered-investment-advisers-and-exempt/ia070116.zip;ia070116.zip
File: Exempt Reporting Advisers, June 2016;Format:ZIP;Size:1.23 MB;https://www.sec.gov/files/data/frequently-requested-foia-document-information-about-registered-investment-advisers-and-exempt/ia060116-exempt.zip;ia060116-exempt.zip
File: Registered Investment Advisers, June 2016;Format:ZIP;Size:10.85 MB;https://www.sec.gov/files/data/frequently-requested-foia-document-information-about-registered-investment-advisers-and-exempt/ia060116.zip;ia060116.zip
File: Registered Investment Advisers, May 2016;Format:ZIP;Size:10.66 MB;https://www.sec.gov/files/data/frequently-requested-foia-document-information-about-registered-investment-advisers-and-exempt/ia050216.zip;ia050216.zip
File: Exempt Reporting Advisers, May 2016;Format:ZIP;Size:1.21 MB;https://www.sec.gov/files/data/frequently-requested-foia-document-information-about-registered-investment-advisers-and-exempt/ia050216-exempt.zip;ia050216-exempt.zip
File: Registered Investment Advisers, April 2016;Format:ZIP;Size:10.63 MB;https://www.sec.gov/files/data/frequently-requested-foia-document-information-about-registered-investment-advisers-and-exempt/ia040116.zip;ia040116.zip
File: Exempt Reporting Advisers, April 2016;Format:ZIP;Size:1.17 MB;https://www.sec.gov/files/data/frequently-requested-foia-document-information-about-registered-investment-advisers-and-exempt/ia040116-exempt.zip;ia040116-exempt.zip
File: Exempt Reporting Advisers, March 2016;Format:ZIP;Size:1.15 MB;https://www.sec.gov/files/data/frequently-requested-foia-document-information-about-registered-investment-advisers-and-exempt/ia030116-exempt.zip;ia030116-exempt.zip
File: Registered Investment Advisers, March 2016;Format:ZIP;Size:10.65 MB;https://www.sec.gov/files/data/frequently-requested-foia-document-information-about-registered-investment-advisers-and-exempt/ia030116.zip;ia030116.zip
File: Exempt Reporting Advisers, February 2016;Format:ZIP;Size:1.14 MB;https://www.sec.gov/files/data/frequently-requested-foia-document-information-about-registered-investment-advisers-and-exempt/ia020116-exempt.zip;ia020116-exempt.zip
File: Registered Investment Advisers, February 2016;Format:ZIP;Size:10.63 MB;https://www.sec.gov/files/data/frequently-requested-foia-document-information-about-registered-investment-advisers-and-exempt/ia020116.zip;ia020116.zip
File: Registered Investment Advisers, January 2016;Format:ZIP;Size:10.74 MB;https://www.sec.gov/files/data/frequently-requested-foia-document-information-about-registered-investment-advisers-and-exempt/ia010416.zip;ia010416.zip
File: Exempt Reporting Advisers, January 2016;Format:ZIP;Size:1.14 MB;https://www.sec.gov/files/data/frequently-requested-foia-document-information-about-registered-investment-advisers-and-exempt/ia010416-exempt.zip;ia010416-exempt.zip
File: Registered Investment Advisers, December 2015;Format:ZIP;Size:10.73 MB;https://www.sec.gov/files/data/frequently-requested-foia-document-information-about-registered-investment-advisers-and-exempt/ia120115.zip;ia120115.zip
File: Exempt Reporting Advisers, December 2015;Format:ZIP;Size:1.16 MB;https://www.sec.gov/files/data/frequently-requested-foia-document-information-about-registered-investment-advisers-and-exempt/ia120115-exempt.zip;ia120115-exempt.zip
File: Exempt Reporting Advisers, November 2015;Format:ZIP;Size:1.12 MB;https://www.sec.gov/files/data/frequently-requested-foia-document-information-about-registered-investment-advisers-and-exempt/ia110215-exempt.zip;ia110215-exempt.zip
File: Registered Investment Advisers, November 2015;Format:ZIP;Size:10.78 MB;https://www.sec.gov/files/data/frequently-requested-foia-document-information-about-registered-investment-advisers-and-exempt/ia110215.zip;ia110215.zip
File: Exempt Reporting Advisers, October 2015;Format:ZIP;Size:1.11 MB;https://www.sec.gov/files/data/frequently-requested-foia-document-information-about-registered-investment-advisers-and-exempt/ia100115-exempt.zip;ia100115-exempt.zip
File: Registered Investment Advisers, October 2015;Format:ZIP;Size:10.76 MB;https://www.sec.gov/files/data/frequently-requested-foia-document-information-about-registered-investment-advisers-and-exempt/ia100115.zip;ia100115.zip
File: Exempt Reporting Advisers, September 2015;Format:ZIP;Size:1.12 MB;https://www.sec.gov/files/data/frequently-requested-foia-document-information-about-registered-investment-advisers-and-exempt/ia090115-exempt.zip;ia090115-exempt.zip
File: Registered Investment Advisers, September 2015;Format:ZIP;Size:10.73 MB;https://www.sec.gov/files/data/frequently-requested-foia-document-information-about-registered-investment-advisers-and-exempt/ia090115.zip;ia090115.zip
File: Registered Investment Advisers, August 2015;Format:ZIP;Size:10.59 MB;https://www.sec.gov/files/data/frequently-requested-foia-document-information-about-registered-investment-advisers-and-exempt/ia080315.zip;ia080315.zip
File: Exempt Reporting Advisers, August 2015;Format:ZIP;Size:1.08 MB;https://www.sec.gov/files/data/frequently-requested-foia-document-information-about-registered-investment-advisers-and-exempt/ia080315-exempt.zip;ia080315-exempt.zip
File: Registered Investment Advisers, July 2015;Format:ZIP;Size:10.61 MB;https://www.sec.gov/files/data/frequently-requested-foia-document-information-about-registered-investment-advisers-and-exempt/ia070115.zip;ia070115.zip
File: Exempt Reporting Advisers, July 2015;Format:ZIP;Size:1.07 MB;https://www.sec.gov/files/data/frequently-requested-foia-document-information-about-registered-investment-advisers-and-exempt/ia070115-exempt.zip;ia070115-exempt.zip
File: Registered Investment Advisers, June 2015;Format:ZIP;Size:10.46 MB;https://www.sec.gov/files/data/frequently-requested-foia-document-information-about-registered-investment-advisers-and-exempt/ia060115.zip;ia060115.zip
File: Exempt Reporting Advisers, June 2015;Format:ZIP;Size:1.1 MB;https://www.sec.gov/files/data/frequently-requested-foia-document-information-about-registered-investment-advisers-and-exempt/ia060115-exempt.zip;ia060115-exempt.zip
File: Exempt Reporting Advisers, May 2015;Format:ZIP;Size:1.11 MB;https://www.sec.gov/files/data/frequently-requested-foia-document-information-about-registered-investment-advisers-and-exempt/ia050115-exempt.zip;ia050115-exempt.zip
File: Registered Investment Advisers, May 2015;Format:ZIP;Size:10.5 MB;https://www.sec.gov/files/data/frequently-requested-foia-document-information-about-registered-investment-advisers-and-exempt/ia050115.zip;ia050115.zip
File: Registered Investment Advisers, April 2015;Format:ZIP;Size:10.43 MB;https://www.sec.gov/files/data/frequently-requested-foia-document-information-about-registered-investment-advisers-and-exempt/ia040115.zip;ia040115.zip
File: Exempt Reporting Advisers, April 2015;Format:ZIP;Size:1.09 MB;https://www.sec.gov/files/data/frequently-requested-foia-document-information-about-registered-investment-advisers-and-exempt/ia040115-exempt.zip;ia040115-exempt.zip
File: Registered Investment Advisers, March 2015;Format:ZIP;Size:10.42 MB;https://www.sec.gov/files/data/frequently-requested-foia-document-information-about-registered-investment-advisers-and-exempt/ia030215.zip;ia030215.zip
File: Exempt Reporting Advisers, March 2015;Format:ZIP;Size:1.09 MB;https://www.sec.gov/files/data/frequently-requested-foia-document-information-about-registered-investment-advisers-and-exempt/ia030215-exempt.zip;ia030215-exempt.zip
File: Registered Investment Advisers, February 2015;Format:ZIP;Size:10.41 MB;https://www.sec.gov/files/data/frequently-requested-foia-document-information-about-registered-investment-advisers-and-exempt/ia020215.zip;ia020215.zip
File: Exempt Reporting Advisers, February 2015;Format:ZIP;Size:1.06 MB;https://www.sec.gov/files/data/frequently-requested-foia-document-information-about-registered-investment-advisers-and-exempt/ia020215-exempt.zip;ia020215-exempt.zip
File: Exempt Reporting Advisers, January 2015;Format:ZIP;Size:1.07 MB;https://www.sec.gov/files/data/frequently-requested-foia-document-information-about-registered-investment-advisers-and-exempt/ia010215-exempt.zip;ia010215-exempt.zip
File: Registered Investment Advisers, January 2015;Format:ZIP;Size:10.3 MB;https://www.sec.gov/files/data/frequently-requested-foia-document-information-about-registered-investment-advisers-and-exempt/ia010215.zip;ia010215.zip
File: Registered Investment Advisers, December 2014;Format:ZIP;Size:10.3 MB;https://www.sec.gov/files/data/frequently-requested-foia-document-information-about-registered-investment-advisers-and-exempt/ia120114.zip;ia120114.zip
File: Exempt Reporting Advisers, December 2014;Format:ZIP;Size:1.07 MB;https://www.sec.gov/files/data/frequently-requested-foia-document-information-about-registered-investment-advisers-and-exempt/ia120114-exempt.zip;ia120114-exempt.zip
File: Registered Investment Advisers, November 2014;Format:ZIP;Size:10.31 MB;https://www.sec.gov/files/data/frequently-requested-foia-document-information-about-registered-investment-advisers-and-exempt/ia110314.zip;ia110314.zip
File: Exempt Reporting Advisers, November 2014;Format:ZIP;Size:1.04 MB;https://www.sec.gov/files/data/frequently-requested-foia-document-information-about-registered-investment-advisers-and-exempt/ia110314-exempt.zip;ia110314-exempt.zip
File: Registered Investment Advisers, October 2014;Format:ZIP;Size:10.16 MB;https://www.sec.gov/files/data/frequently-requested-foia-document-information-about-registered-investment-advisers-and-exempt/ia100114.zip;ia100114.zip
File: Exempt Reporting Advisers, October 2014;Format:ZIP;Size:1016.65 KB;https://www.sec.gov/files/data/frequently-requested-foia-document-information-about-registered-investment-advisers-and-exempt/ia100114-exempt.zip;ia100114-exempt.zip
File: Exempt Reporting Advisers, September 2014;Format:ZIP;Size:1.02 MB;https://www.sec.gov/files/data/frequently-requested-foia-document-information-about-registered-investment-advisers-and-exempt/ia090214-exempt.zip;ia090214-exempt.zip
File: Registered Investment Advisers, September 2014;Format:ZIP;Size:10.24 MB;https://www.sec.gov/files/data/frequently-requested-foia-document-information-about-registered-investment-advisers-and-exempt/ia090214.zip;ia090214.zip
File: Registered Investment Advisers, August 2014;Format:ZIP;Size:10.21 MB;https://www.sec.gov/files/data/frequently-requested-foia-document-information-about-registered-investment-advisers-and-exempt/ia080114.zip;ia080114.zip
File: Exempt Reporting Advisers, August 2014;Format:ZIP;Size:1.01 MB;https://www.sec.gov/files/data/frequently-requested-foia-document-information-about-registered-investment-advisers-and-exempt/ia080114-exempt.zip;ia080114-exempt.zip
File: Registered Investment Advisers, July 2014;Format:ZIP;Size:10.13 MB;https://www.sec.gov/files/data/frequently-requested-foia-document-information-about-registered-investment-advisers-and-exempt/ia070114.zip;ia070114.zip
File: Exempt Reporting Advisers, July 2014;Format:ZIP;Size:1 MB;https://www.sec.gov/files/data/frequently-requested-foia-document-information-about-registered-investment-advisers-and-exempt/ia070114-exempt.zip;ia070114-exempt.zip
File: Registered Investment Advisers, June 2014;Format:ZIP;Size:10.07 MB;https://www.sec.gov/files/data/frequently-requested-foia-document-information-about-registered-investment-advisers-and-exempt/ia060214.zip;ia060214.zip
File: Exempt Reporting Advisers, June 2014;Format:ZIP;Size:1 MB;https://www.sec.gov/files/data/frequently-requested-foia-document-information-about-registered-investment-advisers-and-exempt/ia060214-exempt.zip;ia060214-exempt.zip
File: Exempt Reporting Advisers, May 2014;Format:ZIP;Size:1016.82 KB;https://www.sec.gov/files/data/frequently-requested-foia-document-information-about-registered-investment-advisers-and-exempt/ia050114-exempt.zip;ia050114-exempt.zip
File: Registered Investment Advisers, May 2014;Format:ZIP;Size:10 MB;https://www.sec.gov/files/data/frequently-requested-foia-document-information-about-registered-investment-advisers-and-exempt/ia050114.zip;ia050114.zip
File: Registered Investment Advisers, April 2014;Format:ZIP;Size:9.96 MB;https://www.sec.gov/files/data/frequently-requested-foia-document-information-about-registered-investment-advisers-and-exempt/ia040114.zip;ia040114.zip
File: Exempt Reporting Advisers, April 2014;Format:ZIP;Size:1010.07 KB;https://www.sec.gov/files/data/frequently-requested-foia-document-information-about-registered-investment-advisers-and-exempt/ia040114-exempt.zip;ia040114-exempt.zip
File: Registered Investment Advisers, March 2014;Format:ZIP;Size:9.85 MB;https://www.sec.gov/files/data/frequently-requested-foia-document-information-about-registered-investment-advisers-and-exempt/ia030414.zip;ia030414.zip
File: Exempt Reporting Advisers, March 2014;Format:ZIP;Size:1010.38 KB;https://www.sec.gov/files/data/frequently-requested-foia-document-information-about-registered-investment-advisers-and-exempt/ia030414-exempt.zip;ia030414-exempt.zip
File: Registered Investment Advisers, February 2014;Format:ZIP;Size:9.82 MB;https://www.sec.gov/files/data/frequently-requested-foia-document-information-about-registered-investment-advisers-and-exempt/ia020314.zip;ia020314.zip
File: Exempt Reporting Advisers, February 2014;Format:ZIP;Size:995.42 KB;https://www.sec.gov/files/data/frequently-requested-foia-document-information-about-registered-investment-advisers-and-exempt/ia020314-exempt.zip;ia020314-exempt.zip
File: Exempt Reporting Advisers, January 2014;Format:ZIP;Size:993.16 KB;https://www.sec.gov/files/data/frequently-requested-foia-document-information-about-registered-investment-advisers-and-exempt/ia010214-exempt.zip;ia010214-exempt.zip
File: Registered Investment Advisers, January 2014;Format:ZIP;Size:9.72 MB;https://www.sec.gov/files/data/frequently-requested-foia-document-information-about-registered-investment-advisers-and-exempt/ia010214.zip;ia010214.zip
File: Registered Investment Advisers, December 2013;Format:ZIP;Size:9.76 MB;https://www.sec.gov/files/data/frequently-requested-foia-document-information-about-registered-investment-advisers-and-exempt/ia120213.zip;ia120213.zip
File: Exempt Reporting Advisers, December 2013;Format:ZIP;Size:981.21 KB;https://www.sec.gov/files/data/frequently-requested-foia-document-information-about-registered-investment-advisers-and-exempt/ia120213-exempt.zip;ia120213-exempt.zip
File: Registered Investment Advisers, November 2013;Format:ZIP;Size:9.42 MB;https://www.sec.gov/files/data/frequently-requested-foia-document-information-about-registered-investment-advisers-and-exempt/ia110113.zip;ia110113.zip
File: Exempt Reporting Advisers, November 2013;Format:ZIP;Size:1018.84 KB;https://www.sec.gov/files/data/frequently-requested-foia-document-information-about-registered-investment-advisers-and-exempt/ia110113-exempt.zip;ia110113-exempt.zip
File: Registered Investment Advisers, October 2013;Format:ZIP;Size:9.31 MB;https://www.sec.gov/files/data/frequently-requested-foia-document-information-about-registered-investment-advisers-and-exempt/ia100113.zip;ia100113.zip
File: Exempt Reporting Advisers, October 2013;Format:ZIP;Size:956.04 KB;https://www.sec.gov/files/data/frequently-requested-foia-document-information-about-registered-investment-advisers-and-exempt/ia100113-exempt.zip;ia100113-exempt.zip
File: Exempt Reporting Advisers, September 2013;Format:ZIP;Size:948.91 KB;https://www.sec.gov/files/data/frequently-requested-foia-document-information-about-registered-investment-advisers-and-exempt/ia090313-exempt.zip;ia090313-exempt.zip
File: Registered Investment Advisers, September 2013;Format:ZIP;Size:9.08 MB;https://www.sec.gov/files/data/frequently-requested-foia-document-information-about-registered-investment-advisers-and-exempt/ia090313.zip;ia090313.zip
File: Registered Investment Advisers, August 2013;Format:ZIP;Size:8.94 MB;https://www.sec.gov/files/data/frequently-requested-foia-document-information-about-registered-investment-advisers-and-exempt/ia080113.zip;ia080113.zip
File: Exempt Reporting Advisers, August 2013;Format:ZIP;Size:909.25 KB;https://www.sec.gov/files/data/frequently-requested-foia-document-information-about-registered-investment-advisers-and-exempt/ia080113-exempt.zip;ia080113-exempt.zip
File: Registered Investment Advisers, July 2013;Format:ZIP;Size:9.01 MB;https://www.sec.gov/files/data/frequently-requested-foia-document-information-about-registered-investment-advisers-and-exempt/ia070113.zip;ia070113.zip
File: Exempt Reporting Advisers, July 2013;Format:ZIP;Size:922.2 KB;https://www.sec.gov/files/data/frequently-requested-foia-document-information-about-registered-investment-advisers-and-exempt/ia070113-exempt.zip;ia070113-exempt.zip
File: Registered Investment Advisers, June 2013;Format:ZIP;Size:8.96 MB;https://www.sec.gov/files/data/frequently-requested-foia-document-information-about-registered-investment-advisers-and-exempt/ia060313.zip;ia060313.zip
File: Exempt Reporting Advisers, June 2013;Format:ZIP;Size:925.08 KB;https://www.sec.gov/files/data/frequently-requested-foia-document-information-about-registered-investment-advisers-and-exempt/ia060313-exempt.zip;ia060313-exempt.zip
File: Exempt Reporting Advisers, May 2013;Format:ZIP;Size:882.31 KB;https://www.sec.gov/files/data/frequently-requested-foia-document-information-about-registered-investment-advisers-and-exempt/ia050113-exempt.zip;ia050113-exempt.zip
File: Registered Investment Advisers, May 2013;Format:ZIP;Size:8.93 MB;https://www.sec.gov/files/data/frequently-requested-foia-document-information-about-registered-investment-advisers-and-exempt/ia050113.zip;ia050113.zip
File: Registered Investment Advisers, April 2013;Format:ZIP;Size:8.88 MB;https://www.sec.gov/files/data/frequently-requested-foia-document-information-about-registered-investment-advisers-and-exempt/ia040113.zip;ia040113.zip
File: Exempt Reporting Advisers, April 2013;Format:ZIP;Size:871.38 KB;https://www.sec.gov/files/data/frequently-requested-foia-document-information-about-registered-investment-advisers-and-exempt/ia040113-exempt.zip;ia040113-exempt.zip
File: Registered Investment Advisers, March 2013;Format:ZIP;Size:8.88 MB;https://www.sec.gov/files/data/frequently-requested-foia-document-information-about-registered-investment-advisers-and-exempt/ia030113.zip;ia030113.zip
File: Exempt Reporting Advisers, March 2013;Format:ZIP;Size:861.58 KB;https://www.sec.gov/files/data/frequently-requested-foia-document-information-about-registered-investment-advisers-and-exempt/ia030113-exempt.zip;ia030113-exempt.zip
File: Registered Investment Advisers, February 2013;Format:ZIP;Size:8.98 MB;https://www.sec.gov/files/data/frequently-requested-foia-document-information-about-registered-investment-advisers-and-exempt/ia020113.zip;ia020113.zip
File: Exempt Reporting Advisers, February 2013;Format:ZIP;Size:853.71 KB;https://www.sec.gov/files/data/frequently-requested-foia-document-information-about-registered-investment-advisers-and-exempt/ia020113-exempt.zip;ia020113-exempt.zip
File: Exempt Reporting Advisers, January 2013;Format:ZIP;Size:845.2 KB;https://www.sec.gov/files/data/frequently-requested-foia-document-information-about-registered-investment-advisers-and-exempt/ia010213-exempt.zip;ia010213-exempt.zip
File: Registered Investment Advisers, January 2013;Format:ZIP;Size:8.97 MB;https://www.sec.gov/files/data/frequently-requested-foia-document-information-about-registered-investment-advisers-and-exempt/ia010213.zip;ia010213.zip
File: Registered Investment Advisers, December 2012;Format:ZIP;Size:9.07 MB;https://www.sec.gov/files/data/frequently-requested-foia-document-information-about-registered-investment-advisers-and-exempt/ia120312.zip;ia120312.zip
File: Exempt Reporting Advisers, December 2012;Format:ZIP;Size:835.35 KB;https://www.sec.gov/files/data/frequently-requested-foia-document-information-about-registered-investment-advisers-and-exempt/ia120312-exempt.zip;ia120312-exempt.zip
File: Registered Investment Advisers, November 2012;Format:ZIP;Size:9.07 MB;https://www.sec.gov/files/data/frequently-requested-foia-document-information-about-registered-investment-advisers-and-exempt/ia110112.zip;ia110112.zip
File: Exempt Reporting Advisers, November 2012;Format:ZIP;Size:827.25 KB;https://www.sec.gov/files/data/frequently-requested-foia-document-information-about-registered-investment-advisers-and-exempt/ia110112-exempt.zip;ia110112-exempt.zip
File: Registered Investment Advisers, October 2012;Format:ZIP;Size:9.18 MB;https://www.sec.gov/files/data/frequently-requested-foia-document-information-about-registered-investment-advisers-and-exempt/ia100112.zip;ia100112.zip
File: Exempt Reporting Advisers, October 2012;Format:ZIP;Size:806.8 KB;https://www.sec.gov/files/data/frequently-requested-foia-document-information-about-registered-investment-advisers-and-exempt/ia100112-exempt.zip;ia100112-exempt.zip
File: Exempt Reporting Advisers, September 2012;Format:ZIP;Size:781.96 KB;https://www.sec.gov/files/data/frequently-requested-foia-document-information-about-registered-investment-advisers-and-exempt/ia090112-exempt.zip;ia090112-exempt.zip
File: Registered Investment Advisers, September 2012;Format:ZIP;Size:9.29 MB;https://www.sec.gov/files/data/frequently-requested-foia-document-information-about-registered-investment-advisers-and-exempt/ia090112.zip;ia090112.zip
File: Registered Investment Advisers, August 2012;Format:ZIP;Size:9.42 MB;https://www.sec.gov/files/data/frequently-requested-foia-document-information-about-registered-investment-advisers-and-exempt/ia080112.zip;ia080112.zip
File: Exempt Reporting Advisers, August 2012;Format:ZIP;Size:781.03 KB;https://www.sec.gov/files/data/frequently-requested-foia-document-information-about-registered-investment-advisers-and-exempt/ia080112-exempt.zip;ia080112-exempt.zip
File: Registered Investment Advisers, July 2012;Format:ZIP;Size:9.76 MB;https://www.sec.gov/files/data/frequently-requested-foia-document-information-about-registered-investment-advisers-and-exempt/ia070212.zip;ia070212.zip
File: Exempt Reporting Advisers, July 2012;Format:ZIP;Size:768.88 KB;https://www.sec.gov/files/data/frequently-requested-foia-document-information-about-registered-investment-advisers-and-exempt/ia070212-exempt.zip;ia070212-exempt.zip
File: Registered Investment Advisers, June 2012;Format:ZIP;Size:10.33 MB;https://www.sec.gov/files/data/frequently-requested-foia-document-information-about-registered-investment-advisers-and-exempt/ia060112.zip;ia060112.zip
File: Exempt Reporting Advisers, June 2012;Format:ZIP;Size:735.96 KB;https://www.sec.gov/files/data/frequently-requested-foia-document-information-about-registered-investment-advisers-and-exempt/ia060112-exempt.zip;ia060112-exempt.zip
File: Exempt Reporting Advisers, May 2012;Format:ZIP;Size:718.79 KB;https://www.sec.gov/files/data/frequently-requested-foia-document-information-about-registered-investment-advisers-and-exempt/ia050112-exempt.zip;ia050112-exempt.zip
File: Registered Investment Advisers, May 2012;Format:ZIP;Size:9.26 MB;https://www.sec.gov/files/data/frequently-requested-foia-document-information-about-registered-investment-advisers-and-exempt/ia050112.zip;ia050112.zip
File: Registered Investment Advisers, April 2012;Format:ZIP;Size:8.16 MB;https://www.sec.gov/files/data/frequently-requested-foia-document-information-about-registered-investment-advisers-and-exempt/ia040112.zip;ia040112.zip
File: Exempt Reporting Advisers, April 2012;Format:ZIP;Size:623.2 KB;https://www.sec.gov/files/data/frequently-requested-foia-document-information-about-registered-investment-advisers-and-exempt/ia040112-exempt.zip;ia040112-exempt.zip
File: Registered Investment Advisers, March 2012;Format:ZIP;Size:4.9 MB;https://www.sec.gov/files/data/frequently-requested-foia-document-information-about-registered-investment-advisers-and-exempt/ia030112.zip;ia030112.zip
File: Exempt Reporting Advisers, March 2012;Format:ZIP;Size:51.23 KB;https://www.sec.gov/files/data/frequently-requested-foia-document-information-about-registered-investment-advisers-and-exempt/ia030112-exempt.zip;ia030112-exempt.zip
File: Registered Investment Advisers, February 2012;Format:ZIP;Size:4.87 MB;https://www.sec.gov/files/data/frequently-requested-foia-document-information-about-registered-investment-advisers-and-exempt/ia020112.zip;ia020112.zip
File: Exempt Reporting Advisers, February 2012;Format:ZIP;Size:47.63 KB;https://www.sec.gov/files/data/frequently-requested-foia-document-information-about-registered-investment-advisers-and-exempt/ia020112-exempt.zip;ia020112-exempt.zip
File: Registered Investment Advisers, January 2012;Format:ZIP;Size:4.85 MB;https://www.sec.gov/files/data/frequently-requested-foia-document-information-about-registered-investment-advisers-and-exempt/ia010112.zip;ia010112.zip
File: Registered Investment Advisers, December 2011;Format:ZIP;Size:4.81 MB;https://www.sec.gov/files/data/frequently-requested-foia-document-information-about-registered-investment-advisers-and-exempt/ia120111.zip;ia120111.zip
File: Registered Investment Advisers, November 2011;Format:ZIP;Size:8.2 MB;https://www.sec.gov/files/data/frequently-requested-foia-document-information-about-registered-investment-advisers-and-exempt/ia110111.zip;ia110111.zip
File: Registered Investment Advisers, October 2011;Format:ZIP;Size:8.12 MB;https://www.sec.gov/files/data/frequently-requested-foia-document-information-about-registered-investment-advisers-and-exempt/ia100311.zip;ia100311.zip
File: Registered Investment Advisers, September 2011;Format:ZIP;Size:1.86 MB;https://www.sec.gov/files/data/frequently-requested-foia-document-information-about-registered-investment-advisers-and-exempt/ia082611.zip;ia082611.zip
File: Registered Investment Advisers, August 2011;Format:ZIP;Size:1.52 MB;https://www.sec.gov/files/data/frequently-requested-foia-document-information-about-registered-investment-advisers-and-exempt/ia080111.zip;ia080111.zip
File: Registered Investment Advisers, July 2011;Format:ZIP;Size:1.58 MB;https://www.sec.gov/files/data/frequently-requested-foia-document-information-about-registered-investment-advisers-and-exempt/ia070111.zip;ia070111.zip
File: Registered Investment Advisers, June 2011;Format:ZIP;Size:1.5 MB;https://www.sec.gov/files/data/frequently-requested-foia-document-information-about-registered-investment-advisers-and-exempt/ia060111.zip;ia060111.zip
File: Registered Investment Advisers, May 2011;Format:ZIP;Size:1.49 MB;https://www.sec.gov/files/data/frequently-requested-foia-document-information-about-registered-investment-advisers-and-exempt/ia050111.zip;ia050111.zip
File: Registered Investment Advisers, April 2011;Format:ZIP;Size:1.63 MB;https://www.sec.gov/files/data/frequently-requested-foia-document-information-about-registered-investment-advisers-and-exempt/ia040111.zip;ia040111.zip
File: Registered Investment Advisers, March 2011;Format:ZIP;Size:1.47 MB;https://www.sec.gov/files/data/frequently-requested-foia-document-information-about-registered-investment-advisers-and-exempt/ia030111.zip;ia030111.zip
File: Registered Investment Advisers, February 2011;Format:ZIP;Size:1.66 MB;https://www.sec.gov/files/data/frequently-requested-foia-document-information-about-registered-investment-advisers-and-exempt/ia020111.zip;ia020111.zip
File: Registered Investment Advisers, January 2011;Format:ZIP;Size:1.47 MB;https://www.sec.gov/files/data/frequently-requested-foia-document-information-about-registered-investment-advisers-and-exempt/ia010311.zip;ia010311.zip
File: Registered Investment Advisers, December 2010;Format:ZIP;Size:1.48 MB;https://www.sec.gov/files/data/frequently-requested-foia-document-information-about-registered-investment-advisers-and-exempt/ia120110.zip;ia120110.zip
File: Registered Investment Advisers, November 2010;Format:ZIP;Size:1.65 MB;https://www.sec.gov/files/data/frequently-requested-foia-document-information-about-registered-investment-advisers-and-exempt/ia110110.zip;ia110110.zip
File: Registered Investment Advisers, October 2010;Format:ZIP;Size:1.79 MB;https://www.sec.gov/files/data/frequently-requested-foia-document-information-about-registered-investment-advisers-and-exempt/ia100110.zip;ia100110.zip
File: Registered Investment Advisers, September 2010;Format:ZIP;Size:1.61 MB;https://www.sec.gov/files/data/frequently-requested-foia-document-information-about-registered-investment-advisers-and-exempt/ia090110.zip;ia090110.zip
File: Registered Investment Advisers, August 2010;Format:ZIP;Size:1.64 MB;https://www.sec.gov/files/data/frequently-requested-foia-document-information-about-registered-investment-advisers-and-exempt/ia073010.zip;ia073010.zip
File: Registered Investment Advisers, July 2010;Format:ZIP;Size:1.77 MB;https://www.sec.gov/files/data/frequently-requested-foia-document-information-about-registered-investment-advisers-and-exempt/ia070110.zip;ia070110.zip
File: Registered Investment Advisers, June 2010;Format:ZIP;Size:1.76 MB;https://www.sec.gov/files/data/frequently-requested-foia-document-information-about-registered-investment-advisers-and-exempt/ia060210.zip;ia060210.zip
File: Registered Investment Advisers, May 2010;Format:ZIP;Size:1.62 MB;https://www.sec.gov/files/data/frequently-requested-foia-document-information-about-registered-investment-advisers-and-exempt/ia050310.zip;ia050310.zip
File: Registered Investment Advisers, April 2010;Format:ZIP;Size:1.61 MB;https://www.sec.gov/files/data/frequently-requested-foia-document-information-about-registered-investment-advisers-and-exempt/ia040110.zip;ia040110.zip
File: Registered Investment Advisers, March 2010;Format:ZIP;Size:1.61 MB;https://www.sec.gov/files/data/frequently-requested-foia-document-information-about-registered-investment-advisers-and-exempt/ia030110.zip;ia030110.zip
File: Registered Investment Advisers, February 2010;Format:ZIP;Size:1.6 MB;https://www.sec.gov/files/data/frequently-requested-foia-document-information-about-registered-investment-advisers-and-exempt/ia020110.zip;ia020110.zip
File: Registered Investment Advisers, January 2010;Format:ZIP;Size:1.59 MB;https://www.sec.gov/files/data/frequently-requested-foia-document-information-about-registered-investment-advisers-and-exempt/ia010410.zip;ia010410.zip
File: Registered Investment Advisers, December 2009;Format:ZIP;Size:1.87 MB;https://www.sec.gov/files/data/frequently-requested-foia-document-information-about-registered-investment-advisers-and-exempt/ia120109.zip;ia120109.zip
File: Registered Investment Advisers, November 2009;Format:ZIP;Size:1.59 MB;https://www.sec.gov/files/data/frequently-requested-foia-document-information-about-registered-investment-advisers-and-exempt/ia110209.zip;ia110209.zip
File: Registered Investment Advisers, October 2009;Format:ZIP;Size:799.37 KB;https://www.sec.gov/files/data/frequently-requested-foia-document-information-about-registered-investment-advisers-and-exempt/ia100109.zip;ia100109.zip
File: Registered Investment Advisers, September 2009;Format:ZIP;Size:772.63 KB;https://www.sec.gov/files/data/frequently-requested-foia-document-information-about-registered-investment-advisers-and-exempt/ia090109.zip;ia090109.zip
File: Registered Investment Advisers, August 2009;Format:ZIP;Size:753.9 KB;https://www.sec.gov/files/data/frequently-requested-foia-document-information-about-registered-investment-advisers-and-exempt/ia080109.zip;ia080109.zip
File: Registered Investment Advisers, July 2009;Format:ZIP;Size:792.09 KB;https://www.sec.gov/files/data/frequently-requested-foia-document-information-about-registered-investment-advisers-and-exempt/ia070109.zip;ia070109.zip
File: Registered Investment Advisers, June 2009;Format:ZIP;Size:750.36 KB;https://www.sec.gov/files/data/frequently-requested-foia-document-information-about-registered-investment-advisers-and-exempt/ia060109.zip;ia060109.zip
File: Registered Investment Advisers, May 2009;Format:ZIP;Size:779.93 KB;https://www.sec.gov/files/data/frequently-requested-foia-document-information-about-registered-investment-advisers-and-exempt/ia050109.zip;ia050109.zip
File: Registered Investment Advisers, April 2009;Format:ZIP;Size:785.77 KB;https://www.sec.gov/files/data/frequently-requested-foia-document-information-about-registered-investment-advisers-and-exempt/ia040109.zip;ia040109.zip
File: Registered Investment Advisers, March 2009;Format:ZIP;Size:762.6 KB;https://www.sec.gov/files/data/frequently-requested-foia-document-information-about-registered-investment-advisers-and-exempt/ia030209.zip;ia030209.zip
File: Registered Investment Advisers, February 2009;Format:ZIP;Size:814.16 KB;https://www.sec.gov/files/data/frequently-requested-foia-document-information-about-registered-investment-advisers-and-exempt/ia020209.zip;ia020209.zip
File: Registered Investment Advisers, January 2009;Format:ZIP;Size:813.2 KB;https://www.sec.gov/files/data/frequently-requested-foia-document-information-about-registered-investment-advisers-and-exempt/ia010509.zip;ia010509.zip
File: Registered Investment Advisers, December 2008;Format:ZIP;Size:764.39 KB;https://www.sec.gov/files/data/frequently-requested-foia-document-information-about-registered-investment-advisers-and-exempt/ia120908.zip;ia120908.zip
File: Registered Investment Advisers, October 2008;Format:ZIP;Size:734.46 KB;https://www.sec.gov/files/data/frequently-requested-foia-document-information-about-registered-investment-advisers-and-exempt/ia100108.zip;ia100108.zip
File: Registered Investment Advisers, September 2008;Format:ZIP;Size:732.35 KB;https://www.sec.gov/files/data/frequently-requested-foia-document-information-about-registered-investment-advisers-and-exempt/ia090208.zip;ia090208.zip
File: Registered Investment Advisers, August 2008;Format:ZIP;Size:731.08 KB;https://www.sec.gov/files/data/frequently-requested-foia-document-information-about-registered-investment-advisers-and-exempt/ia080408.zip;ia080408.zip
File: Registered Investment Advisers, July 2008;Format:ZIP;Size:727.54 KB;https://www.sec.gov/files/data/frequently-requested-foia-document-information-about-registered-investment-advisers-and-exempt/ia070108.zip;ia070108.zip
File: Registered Investment Advisers, June 2008;Format:ZIP;Size:724.27 KB;https://www.sec.gov/files/data/frequently-requested-foia-document-information-about-registered-investment-advisers-and-exempt/ia060208.zip;ia060208.zip
File: Registered Investment Advisers, April 2008;Format:ZIP;Size:715.02 KB;https://www.sec.gov/files/data/frequently-requested-foia-document-information-about-registered-investment-advisers-and-exempt/ia040108.zip;ia040108.zip
File: Registered Investment Advisers, March 2008;Format:ZIP;Size:712.74 KB;https://www.sec.gov/files/data/frequently-requested-foia-document-information-about-registered-investment-advisers-and-exempt/ia030308.zip;ia030308.zip
File: Registered Investment Advisers, February 2008;Format:ZIP;Size:705.83 KB;https://www.sec.gov/files/data/frequently-requested-foia-document-information-about-registered-investment-advisers-and-exempt/ia020108.zip;ia020108.zip
File: Registered Investment Advisers, January 2008;Format:ZIP;Size:702.02 KB;https://www.sec.gov/files/data/frequently-requested-foia-document-information-about-registered-investment-advisers-and-exempt/ia010708.zip;ia010708.zip
File: Registered Investment Advisers, November 2007;Format:ZIP;Size:702.63 KB;https://www.sec.gov/files/data/frequently-requested-foia-document-information-about-registered-investment-advisers-and-exempt/ia112907.zip;ia112907.zip
File: Registered Investment Advisers, October 2007;Format:ZIP;Size:700.2 KB;https://www.sec.gov/files/data/frequently-requested-foia-document-information-about-registered-investment-advisers-and-exempt/ia102607.zip;ia102607.zip
File: Registered Investment Advisers, September 2007;Format:ZIP;Size:695.38 KB;https://www.sec.gov/files/data/frequently-requested-foia-document-information-about-registered-investment-advisers-and-exempt/ia091207.zip;ia091207.zip
File: Registered Investment Advisers, July 2007;Format:ZIP;Size:691.05 KB;https://www.sec.gov/files/data/frequently-requested-foia-document-information-about-registered-investment-advisers-and-exempt/ia073007.zip;ia073007.zip
File: Registered Investment Advisers, May 2007;Format:ZIP;Size:680.06 KB;https://www.sec.gov/files/data/frequently-requested-foia-document-information-about-registered-investment-advisers-and-exempt/ia050707.zip;ia050707.zip
File: Registered Investment Advisers, June 2006;Format:ZIP;Size:675.11 KB;https://www.sec.gov/files/data/frequently-requested-foia-document-information-about-registered-investment-advisers-and-exempt/ia060506.zip;ia060506.zip
